keys,en,pt,es
TUT_PEAPOD_SLIDE,Slide to roll the cart,Deslize para rolar o carrinho,Desliza para mover el carro
TUT_PEAPOD_SLIDE_BODY,"Slide a finger anywhere and the cart rolls with it, a little further than the finger went. The pod never stops firing.","Deslize o dedo em qualquer lugar e o carrinho vai junto, um pouco mais longe que o dedo. A vagem nunca para de atirar.","Desliza el dedo por cualquier parte y el carro va con él, un poco más lejos que el dedo. La vaina nunca deja de disparar."
TUT_PEAPOD_CRATES,Numbers and the line,Os números e a linha,Los números y la línea
TUT_PEAPOD_CRATES_BODY,"A crate takes as many peas as its number, and its paint tells how heavy the number is. Whatever reaches the chalk line ends the run.","Uma caixa aguenta tantas ervilhas quanto o seu número, e a cor mostra o peso dele. O que chegar à linha de giz encerra a partida.","Una caja aguanta tantos guisantes como su número, y su color dice cuánto pesa. Lo que llegue a la línea de tiza termina la partida."
TUT_PEAPOD_GIFTS,Catch the gifts,Pegue os presentes,Atrapa los regalos
TUT_PEAPOD_GIFTS_BODY,"A gift crate drops what it holds: roll under it to catch it. A rotten gift takes something back, so keep out from under it.","Uma caixa de presente solta o que guarda: fique embaixo para pegar. Um presente podre tira algo de você, então saia de baixo dele.","Una caja de regalo suelta lo que guarda: ponte debajo para atraparlo. Un regalo podrido te quita algo, así que apártate de él."
TUT_PEAPOD_PODS,Three pods,Três vagens,Tres vainas
TUT_PEAPOD_PODS_BODY,"The Fan, the Dart and the Berry change the peas for %d seconds. The rings on the grass show what is running and how long is left.","O Leque, o Dardo e o Estouro mudam as ervilhas por %d segundos. Os anéis na grama mostram o que está valendo e quanto tempo resta.","El Abanico, el Dardo y el Estallido cambian los guisantes durante %d segundos. Los anillos de la hierba muestran qué está activo y cuánto le queda."
TUT_PEAPOD_SPECIAL,Special crates,Caixas especiais,Cajas especiales
TUT_PEAPOD_SPECIAL_BODY,"Three crates are not like the rest: the golden one, the iron one and the firecracker.","Três caixas não são como as outras: a dourada, a de ferro e o rojão.","Tres cajas no son como las demás: la dorada, la de hierro y el petardo."
TUT_PEAPOD_MILLI,The millipede,A centopeia,El milpiés
TUT_PEAPOD_MILLI_BODY,"Every third wave is a millipede winding down to the line. Each plate has a number, and the head a bigger one.","A cada três ondas vem uma centopeia, descendo em curvas até a linha. Cada placa tem um número, e a cabeça tem um maior.","Cada tres oleadas llega un milpiés que baja serpenteando hasta la línea. Cada placa tiene un número, y la cabeza uno mayor."
TUT_PEAPOD_HUD,Boosters and buttons,Reforços e botões,Refuerzos y botones
TUT_PEAPOD_HUD_BODY,"Boosters are picked before a run and bought with gold. The Second chance is offered once, when a run ends.","Os reforços são escolhidos antes da partida e comprados com ouro. A Segunda chance é oferecida uma vez, quando a partida acaba.","Los refuerzos se eligen antes de la partida y se compran con oro. La Segunda oportunidad se ofrece una vez, cuando la partida termina."
TUT_PEAPOD_G_PEA,"One more pea in every shot, up to %d.","Mais uma ervilha a cada tiro, até %d.","Un guisante más en cada disparo, hasta %d."
TUT_PEAPOD_G_RATE,The pod fires quicker.,A vagem atira mais rápido.,La vaina dispara más rápido.
TUT_PEAPOD_G_POWER,Every pea counts for one more.,Cada ervilha vale um a mais.,Cada guisante vale uno más.
TUT_PEAPOD_G_TWIN,A small cart fires beside yours for %d seconds.,Um carrinho pequeno atira ao seu lado por %d segundos.,Un carro pequeño dispara a tu lado durante %d segundos.
TUT_PEAPOD_G_MAGNET,Gifts fly to the cart for %d seconds.,Os presentes voam até o carrinho por %d segundos.,Los regalos vuelan hacia el carro durante %d segundos.
TUT_PEAPOD_G_FROST,Everything coming slows for %d seconds.,Tudo o que vem descendo fica lento por %d segundos.,Todo lo que baja va más lento durante %d segundos.
TUT_PEAPOD_G_SHOVE,Everything coming is pushed back up.,Tudo o que vem descendo é empurrado de volta.,Todo lo que baja es empujado hacia arriba.
TUT_PEAPOD_P_FAN,Two more peas fly out to the sides.,Mais duas ervilhas saem para os lados.,Dos guisantes más salen hacia los lados.
TUT_PEAPOD_P_PIERCE,Every pea goes through %d crates.,Cada ervilha atravessa %d caixas.,Cada guisante atraviesa %d cajas.
TUT_PEAPOD_P_BURST,Every pea also hits the crates beside and above.,Cada ervilha também acerta as caixas ao lado e acima.,Cada guisante también golpea las cajas de al lado y de arriba.
TUT_PEAPOD_ROT,Rotten gift,Presente podre,Regalo podrido
TUT_PEAPOD_ROT_LINE,"It takes a pea, some speed or some weight. Let it fall.","Tira uma ervilha, velocidade ou força. Deixe cair.","Quita un guisante, velocidad o fuerza. Déjalo caer."
TUT_PEAPOD_S_GOLD,Golden crate,Caixa dourada,Caja dorada
TUT_PEAPOD_S_GOLD_LINE,Worth %d times its number.,Vale %d vezes o seu número.,Vale %d veces su número.
TUT_PEAPOD_S_IRON,Iron crate,Caixa de ferro,Caja de hierro
TUT_PEAPOD_S_IRON_LINE,"Takes one a pea, however heavy the pea.","Perde um por ervilha, por mais forte que ela seja.","Pierde uno por guisante, por fuerte que sea."
TUT_PEAPOD_S_BOMB,Firecracker,Rojão,Petardo
TUT_PEAPOD_S_BOMB_LINE,Goes off on every crate around it.,Estoura nas caixas em volta.,Estalla sobre las cajas de alrededor.
TUT_PEAPOD_M_PLATE,Plates,As placas,Las placas
TUT_PEAPOD_M_PLATE_LINE,"A plate shot off knocks it back. The shorter it is, the quicker it runs.","Cada placa derrubada a empurra para trás. Quanto mais curta, mais rápida.","Cada placa derribada lo empuja hacia atrás. Cuanto más corto, más rápido."
TUT_PEAPOD_M_HEAD,The head,A cabeça,La cabeza
TUT_PEAPOD_M_HEAD_LINE,Squash it and every plate left goes with it.,Esmague a cabeça e as placas que restam vão junto.,Aplasta la cabeza y las placas que quedan se van con ella.
TUT_PEAPOD_HUD_RESET,Starts a new run from the first wave.,"Começa uma nova partida, da primeira onda.","Empieza una partida nueva, desde la primera oleada."
TUT_PEAPOD_HUD_PAUSE,"Settings pauses the run, and so does this card. Tap the garden to go on.","As configurações pausam a partida, e este cartão também. Toque no jardim para continuar.","Los ajustes pausan la partida, y esta tarjeta también. Toca el jardín para seguir."
